{
    "loss": [
        0.6324325567513406,
        0.5635356421580549,
        0.4336674605253256,
        0.30903365992670634,
        0.22341537565543582,
        0.17167926740828507,
        0.13956739051550254,
        0.11850936593567617,
        0.10417775570904476,
        0.09420885378260216,
        0.08696408535841114,
        0.08087005905038097,
        0.0767721897099405,
        0.07240997486308023,
        0.06924756297440401,
        0.06648618771106093,
        0.06406904921098928,
        0.06214498679189962,
        0.06020920210967666,
        0.0583692086043072,
        0.05686819451269581,
        0.055576873873758266,
        0.054163199506468765,
        0.052962814973229196,
        0.05185887491628734,
        0.05121611656057984,
        0.04991770565678439,
        0.04904853277248362,
        0.04832167543373739,
        0.04751751657840403,
        0.04680294297146852,
        0.04638745195858631,
        0.04544451925334185,
        0.04496853414879327,
        0.04453523940038072,
        0.04372552636551948,
        0.04328770617267751,
        0.04282209575740902,
        0.042248794808008326,
        0.04195058883201258,
        0.04148897212369332,
        0.04088726438994227,
        0.04046280165347555,
        0.04006562386386074,
        0.03988490171701716,
        0.03929604899744683,
        0.038982754725118245,
        0.03857311058520851,
        0.038250399385070154,
        0.037999554735339454
    ],
    "val_loss": [
        0.7001282153666148,
        0.5825962732969413,
        0.4594699030688118,
        0.33944380577248795,
        0.25530201882059667,
        0.20419483545927397,
        0.17449139282114642,
        0.15544413823678638,
        0.14189892179483532,
        0.13208067839801607,
        0.12630740354570227,
        0.1198046251908862,
        0.11459246855709362,
        0.1115182246177518,
        0.10978017836450925,
        0.1071608249281378,
        0.10415227914707934,
        0.10466422992427965,
        0.10282845610998849,
        0.10078863437646163,
        0.10032018072167152,
        0.10021279680447977,
        0.09809702690563803,
        0.09637376446476163,
        0.09519543833287096,
        0.09629064445266768,
        0.09351365625264683,
        0.09253933884433113,
        0.09086643019780247,
        0.09101307236824885,
        0.09126952401835836,
        0.09292456822456216,
        0.09070775512047569,
        0.09153026751618293,
        0.09253736219457921,
        0.08999706797845419,
        0.0913113742728636,
        0.08909522115521558,
        0.09017522389466805,
        0.09171405474104777,
        0.08780646598113268,
        0.08882403799002624,
        0.08855330960336205,
        0.0886026171248893,
        0.0870441864768037,
        0.08856184595305212,
        0.08969062840033488,
        0.08868625847108005,
        0.08952347542866465,
        0.08702664568880011
    ],
    "accuracy": [
        0.6461538461538462,
        0.8175824175824176,
        0.9032967032967033,
        0.9428571428571428,
        0.9560439560439561,
        0.9714285714285714,
        0.9758241758241758,
        0.978021978021978,
        0.978021978021978,
        0.978021978021978,
        0.978021978021978,
        0.9802197802197802,
        0.9802197802197802,
        0.978021978021978,
        0.9802197802197802,
        0.9802197802197802,
        0.9824175824175824,
        0.9802197802197802,
        0.9824175824175824,
        0.9846153846153847,
        0.9868131868131869,
        0.989010989010989,
        0.9868131868131869,
        0.989010989010989,
        0.989010989010989,
        0.989010989010989,
        0.989010989010989,
        0.989010989010989,
        0.989010989010989,
        0.989010989010989,
        0.989010989010989,
        0.989010989010989,
        0.989010989010989,
        0.989010989010989,
        0.989010989010989,
        0.989010989010989,
        0.9912087912087912,
        0.989010989010989,
        0.989010989010989,
        0.9912087912087912,
        0.989010989010989,
        0.989010989010989,
        0.989010989010989,
        0.9912087912087912,
        0.989010989010989,
        0.9912087912087912,
        0.9912087912087912,
        0.9912087912087912,
        0.9912087912087912,
        0.9912087912087912
    ],
    "val_accuracy": [
        0.5526315789473685,
        0.7894736842105263,
        0.8771929824561403,
        0.9035087719298246,
        0.9298245614035088,
        0.9385964912280702,
        0.9385964912280702,
        0.9473684210526315,
        0.956140350877193,
        0.956140350877193,
        0.956140350877193,
        0.956140350877193,
        0.9649122807017544,
        0.956140350877193,
        0.956140350877193,
        0.956140350877193,
        0.9649122807017544,
        0.956140350877193,
        0.9649122807017544,
        0.956140350877193,
        0.9649122807017544,
        0.9649122807017544,
        0.9736842105263158,
        0.9824561403508771,
        0.9824561403508771,
        0.9736842105263158,
        0.9824561403508771,
        0.9824561403508771,
        0.9824561403508771,
        0.9824561403508771,
        0.9824561403508771,
        0.9824561403508771,
        0.9824561403508771,
        0.9824561403508771,
        0.9824561403508771,
        0.9824561403508771,
        0.9824561403508771,
        0.9824561403508771,
        0.9824561403508771,
        0.9824561403508771,
        0.9824561403508771,
        0.9824561403508771,
        0.9824561403508771,
        0.9824561403508771,
        0.9824561403508771,
        0.9824561403508771,
        0.9824561403508771,
        0.9824561403508771,
        0.9824561403508771,
        0.9824561403508771
    ],
    "best_epoch": 45,
    "best_val_loss": 0.0870441864768037
}