{
    "train_loss": 0.037999554735339454,
    "train_accuracy": 0.9912087912087912,
    "val_loss": 0.08702664568880011,
    "val_accuracy": 0.9824561403508771,
    "best_epoch": 45,
    "best_val_loss": 0.0870441864768037,
    "precision": 1.0,
    "recall": 0.9607843137254902,
    "f1": 0.98,
    "tp": 49,
    "tn": 63,
    "fp": 0,
    "fn": 2
}