{
    "loss": [
        0.6563088199788122,
        0.6420032812885712,
        0.632748113796715,
        0.6242998469636529,
        0.6157462327528592,
        0.6066112536375567,
        0.5972178541478428,
        0.5873712433501895,
        0.5769572424883215,
        0.5658232181614179,
        0.5541883525637632,
        0.5417310469529542,
        0.5286582625037622,
        0.5149448446256241,
        0.5005383934650318,
        0.4855854626678901,
        0.470132675769324,
        0.45431167098823855,
        0.4382345528715032,
        0.42201101424307536,
        0.4058802817599255,
        0.3898359131527019,
        0.3740554639840753,
        0.35870987620814926,
        0.343848777919147,
        0.329544113883983,
        0.3158558026545887,
        0.3028423379151868,
        0.2904454870706892,
        0.27876293092586885,
        0.26764448065287705,
        0.25720475741694365,
        0.24745378045443178,
        0.23816722558730472,
        0.22947607924790386,
        0.22129348183333772,
        0.21361436739129194,
        0.20637860898578236,
        0.1995820232931611,
        0.19317171503028926,
        0.18713002118093308,
        0.18144419961479405,
        0.17605514306542563,
        0.1710015107294511,
        0.16619911225066994,
        0.16167250365369984,
        0.15739191289145185,
        0.15335295189744805,
        0.14952068098472723,
        0.14588902605201515
    ],
    "val_loss": [
        0.6851904958197853,
        0.683308753090648,
        0.679279335693055,
        0.672927795037706,
        0.6646173531349482,
        0.6515518145621237,
        0.6411678926404273,
        0.6312382924102433,
        0.6199162365378194,
        0.6062045820386692,
        0.5940470027867153,
        0.5787632310726447,
        0.5638533770475531,
        0.5497842836468155,
        0.5337115662052987,
        0.5158997102023593,
        0.49916877072855403,
        0.4831897210837842,
        0.4653638742097296,
        0.4487961999328041,
        0.43294917816970735,
        0.4149108835950521,
        0.3992445298838827,
        0.38345224973071906,
        0.3687680084994079,
        0.3541731725774975,
        0.34050219489617684,
        0.3282894801771098,
        0.31616326911112697,
        0.30530177468923564,
        0.2941751316571904,
        0.2840693296270596,
        0.27385928873851567,
        0.26565524643750255,
        0.257704809409454,
        0.25046624328664013,
        0.24314371170162527,
        0.2367948663599169,
        0.23060397327956378,
        0.22502276092132392,
        0.21969562755600439,
        0.21424290288018455,
        0.2096401775437187,
        0.20506684731778532,
        0.20110812832377264,
        0.19724712936409966,
        0.19345244901756165,
        0.19004228066799006,
        0.18667472638473945,
        0.18336170904066906
    ],
    "accuracy": [
        0.6483516483516484,
        0.6461538461538462,
        0.6461538461538462,
        0.6461538461538462,
        0.6461538461538462,
        0.6461538461538462,
        0.6461538461538462,
        0.6483516483516484,
        0.6483516483516484,
        0.6527472527472528,
        0.6593406593406593,
        0.6681318681318681,
        0.7054945054945055,
        0.7428571428571429,
        0.7670329670329671,
        0.8021978021978022,
        0.8307692307692308,
        0.8417582417582418,
        0.8681318681318682,
        0.8769230769230769,
        0.8835164835164835,
        0.8989010989010989,
        0.9076923076923077,
        0.9164835164835164,
        0.9164835164835164,
        0.9208791208791208,
        0.9252747252747253,
        0.9252747252747253,
        0.9318681318681319,
        0.9296703296703297,
        0.9318681318681319,
        0.9318681318681319,
        0.9384615384615385,
        0.9406593406593406,
        0.9428571428571428,
        0.9428571428571428,
        0.945054945054945,
        0.945054945054945,
        0.945054945054945,
        0.9472527472527472,
        0.9472527472527472,
        0.9472527472527472,
        0.9472527472527472,
        0.9472527472527472,
        0.9494505494505494,
        0.9538461538461539,
        0.9538461538461539,
        0.9538461538461539,
        0.9560439560439561,
        0.9560439560439561
    ],
    "val_accuracy": [
        0.5526315789473685,
        0.5526315789473685,
        0.5526315789473685,
        0.5526315789473685,
        0.5526315789473685,
        0.5526315789473685,
        0.5526315789473685,
        0.5526315789473685,
        0.5526315789473685,
        0.5701754385964912,
        0.5701754385964912,
        0.6140350877192983,
        0.6666666666666666,
        0.6842105263157895,
        0.7280701754385965,
        0.7543859649122807,
        0.7982456140350878,
        0.8245614035087719,
        0.8421052631578947,
        0.868421052631579,
        0.8859649122807017,
        0.8859649122807017,
        0.8947368421052632,
        0.8947368421052632,
        0.9035087719298246,
        0.9035087719298246,
        0.9122807017543859,
        0.9122807017543859,
        0.9210526315789473,
        0.9210526315789473,
        0.9210526315789473,
        0.9210526315789473,
        0.9122807017543859,
        0.9122807017543859,
        0.9122807017543859,
        0.9122807017543859,
        0.9122807017543859,
        0.9122807017543859,
        0.9122807017543859,
        0.9122807017543859,
        0.9122807017543859,
        0.9122807017543859,
        0.9122807017543859,
        0.9122807017543859,
        0.9122807017543859,
        0.9122807017543859,
        0.9210526315789473,
        0.9298245614035088,
        0.9298245614035088,
        0.9298245614035088
    ],
    "best_epoch": 50,
    "best_val_loss": 0.18336170904066906
}