{
    "train_loss": 0.14588902605201515,
    "train_accuracy": 0.9560439560439561,
    "val_loss": 0.18336170904066906,
    "val_accuracy": 0.9298245614035088,
    "best_epoch": 50,
    "best_val_loss": 0.18336170904066906,
    "precision": 0.9387755102040817,
    "recall": 0.9019607843137255,
    "f1": 0.92,
    "tp": 46,
    "tn": 60,
    "fp": 3,
    "fn": 5
}