{
    "loss": [
        0.0946315998680566,
        0.05907503403823844,
        0.054027488264813864,
        0.05138201609839498,
        0.05188984983238403,
        0.04469812294086964,
        0.038274358986758905,
        0.04232823812883377,
        0.04281442748290087,
        0.039424491512826766,
        0.027650483485231393,
        0.042878356896418675,
        0.030438676300203974,
        0.0263309676772716,
        0.027583720518530915,
        0.021840854495633614
    ],
    "val_loss": [
        0.12777165235803237,
        0.12199305482930047,
        0.11459847152656104,
        0.12326147810692792,
        0.12835089464388175,
        0.09048402972539502,
        0.09175126956018874,
        0.1254651449639748,
        0.130711173779507,
        0.12748008076059766,
        0.1035620870830049,
        0.12021073615249647,
        0.12290415600752291,
        0.12314685402753753,
        0.13588429555609488,
        0.12948260462116215
    ],
    "accuracy": [
        0.9714285714285714,
        0.9824175824175824,
        0.9868131868131869,
        0.9868131868131869,
        0.9868131868131869,
        0.978021978021978,
        0.989010989010989,
        0.9868131868131869,
        0.9912087912087912,
        0.989010989010989,
        0.9956043956043956,
        0.9846153846153847,
        0.9912087912087912,
        0.9934065934065934,
        0.9912087912087912,
        0.9934065934065934
    ],
    "val_accuracy": [
        0.9385964912280702,
        0.9736842105263158,
        0.9649122807017544,
        0.956140350877193,
        0.9736842105263158,
        0.9649122807017544,
        0.9824561403508771,
        0.9649122807017544,
        0.9649122807017544,
        0.9649122807017544,
        0.9736842105263158,
        0.9736842105263158,
        0.9649122807017544,
        0.9649122807017544,
        0.9649122807017544,
        0.956140350877193
    ],
    "best_epoch": 6,
    "best_val_loss": 0.09048402972539502
}