{
    "train_loss": 0.021840854495633614,
    "train_accuracy": 0.9934065934065934,
    "val_loss": 0.12948260462116215,
    "val_accuracy": 0.956140350877193,
    "best_epoch": 6,
    "best_val_loss": 0.09048402972539502,
    "precision": 0.9607843137254902,
    "recall": 0.9607843137254902,
    "f1": 0.9607843137254902,
    "tp": 49,
    "tn": 61,
    "fp": 2,
    "fn": 2
}