{
    "loss": [
        0.567085383958139,
        0.42293433040439204,
        0.2772059675645705,
        0.1968203857947507,
        0.14669540063469888,
        0.11831503904775054,
        0.10142870049736655,
        0.09030496249751442,
        0.08390515271515887,
        0.07740528974808267,
        0.07277202577945256,
        0.06870058339609188,
        0.06612223856485884,
        0.06335357852698195,
        0.061564883534065494,
        0.059468698794099835,
        0.05773900321920941,
        0.05636547673900371,
        0.05503415312884734,
        0.05374327302486741,
        0.05268202211642433,
        0.05213861133413633,
        0.050670610140064735,
        0.04973856724483862,
        0.04888432591110628,
        0.048268984653210716,
        0.04747452925177306,
        0.04687322938522922,
        0.04606994654793601,
        0.04574052458501698,
        0.0450209537455308,
        0.044292080993017784,
        0.04419405887926223,
        0.043396838725297676,
        0.04268832423557852,
        0.04227210099210781,
        0.041757268292638566,
        0.04132390583714585,
        0.04093102570066492,
        0.0405244337380649,
        0.040157536793202296,
        0.04036842467625616,
        0.03932601458515607,
        0.03923611195635028,
        0.03859126121309729,
        0.03846602484434269,
        0.03795805683348305,
        0.03759241861939352,
        0.0373872481324331,
        0.037033943053336925
    ],
    "val_loss": [
        0.595912884742402,
        0.4393422721838112,
        0.3041291277506279,
        0.23457234162863683,
        0.18652951710373558,
        0.15783956371904576,
        0.14208849426866935,
        0.13185219328667414,
        0.1276841101674799,
        0.12119843796139665,
        0.11381395152264351,
        0.11181013836419994,
        0.11165372868077311,
        0.10796019203553506,
        0.10821610587325588,
        0.10641854839259612,
        0.10503323581113544,
        0.10310029400764932,
        0.10209555420777476,
        0.10196546567043648,
        0.10109725205239728,
        0.09973343779652036,
        0.10056303171656966,
        0.10050068813637113,
        0.1011630639290344,
        0.10231684621307509,
        0.10104502284141276,
        0.09810336962997383,
        0.10004794721990241,
        0.10189722997089633,
        0.10048838988052913,
        0.09883380814430706,
        0.09547432006597398,
        0.10004052682812023,
        0.09763667077909852,
        0.0970020936371777,
        0.0979880150872421,
        0.09778435406463236,
        0.09712362408498737,
        0.09721479918210413,
        0.09608178889282408,
        0.0937503918505709,
        0.09741398858107,
        0.09488027003547514,
        0.0964781273139559,
        0.0988353501050999,
        0.09746367408191339,
        0.0973314355333765,
        0.099143799292441,
        0.09592006026437881
    ],
    "accuracy": [
        0.6813186813186813,
        0.9054945054945055,
        0.9296703296703297,
        0.9472527472527472,
        0.9494505494505494,
        0.967032967032967,
        0.9758241758241758,
        0.9758241758241758,
        0.9736263736263736,
        0.9802197802197802,
        0.9824175824175824,
        0.9824175824175824,
        0.9802197802197802,
        0.9846153846153847,
        0.9846153846153847,
        0.9846153846153847,
        0.9846153846153847,
        0.9846153846153847,
        0.9868131868131869,
        0.9868131868131869,
        0.9868131868131869,
        0.9846153846153847,
        0.9868131868131869,
        0.9868131868131869,
        0.9868131868131869,
        0.9868131868131869,
        0.9868131868131869,
        0.9868131868131869,
        0.9868131868131869,
        0.989010989010989,
        0.989010989010989,
        0.989010989010989,
        0.9868131868131869,
        0.989010989010989,
        0.989010989010989,
        0.989010989010989,
        0.989010989010989,
        0.989010989010989,
        0.989010989010989,
        0.989010989010989,
        0.989010989010989,
        0.9868131868131869,
        0.989010989010989,
        0.989010989010989,
        0.989010989010989,
        0.9912087912087912,
        0.9912087912087912,
        0.9912087912087912,
        0.9912087912087912,
        0.9912087912087912
    ],
    "val_accuracy": [
        0.6228070175438597,
        0.8859649122807017,
        0.9210526315789473,
        0.9298245614035088,
        0.9298245614035088,
        0.9298245614035088,
        0.956140350877193,
        0.956140350877193,
        0.9649122807017544,
        0.9649122807017544,
        0.9649122807017544,
        0.9649122807017544,
        0.956140350877193,
        0.9649122807017544,
        0.956140350877193,
        0.9649122807017544,
        0.9649122807017544,
        0.9649122807017544,
        0.9649122807017544,
        0.9649122807017544,
        0.9649122807017544,
        0.9649122807017544,
        0.9736842105263158,
        0.9736842105263158,
        0.9736842105263158,
        0.9736842105263158,
        0.9736842105263158,
        0.9736842105263158,
        0.9736842105263158,
        0.9736842105263158,
        0.9736842105263158,
        0.9736842105263158,
        0.9736842105263158,
        0.9736842105263158,
        0.9736842105263158,
        0.9736842105263158,
        0.9736842105263158,
        0.9736842105263158,
        0.9736842105263158,
        0.9736842105263158,
        0.9736842105263158,
        0.9736842105263158,
        0.9736842105263158,
        0.9736842105263158,
        0.9736842105263158,
        0.9736842105263158,
        0.9736842105263158,
        0.9736842105263158,
        0.9736842105263158,
        0.9736842105263158
    ],
    "best_epoch": 42,
    "best_val_loss": 0.0937503918505709
}