{
    "train_loss": 0.037033943053336925,
    "train_accuracy": 0.9912087912087912,
    "val_loss": 0.09592006026437881,
    "val_accuracy": 0.9736842105263158,
    "best_epoch": 42,
    "best_val_loss": 0.0937503918505709,
    "precision": 0.98,
    "recall": 0.9607843137254902,
    "f1": 0.9702970297029702,
    "tp": 49,
    "tn": 62,
    "fp": 1,
    "fn": 2
}