{
    "loss": [
        0.10457637170621596,
        0.07076699745571888,
        0.05485282337869816,
        0.04804998651672224,
        0.04926079453315064,
        0.047216643033279236,
        0.03886060831622511,
        0.03436929368616465,
        0.0437924240784004,
        0.0388482694692553,
        0.03204975649980307,
        0.028222076160723062,
        0.028398196278305653,
        0.0332225409864616
    ],
    "val_loss": [
        0.1274059520383379,
        0.12217853872985653,
        0.09583489467433272,
        0.08262091104888136,
        0.11158774233892126,
        0.10163230861705051,
        0.0894698181802635,
        0.09611845769265,
        0.09967602673420442,
        0.08580530534834867,
        0.10955637381495888,
        0.10803164119220837,
        0.10320445510580713,
        0.10922115500920503
    ],
    "accuracy": [
        0.9714285714285714,
        0.9736263736263736,
        0.9846153846153847,
        0.9846153846153847,
        0.9868131868131869,
        0.989010989010989,
        0.9868131868131869,
        0.9912087912087912,
        0.9868131868131869,
        0.989010989010989,
        0.9934065934065934,
        0.9956043956043956,
        0.9934065934065934,
        0.9912087912087912
    ],
    "val_accuracy": [
        0.956140350877193,
        0.9473684210526315,
        0.9824561403508771,
        0.9824561403508771,
        0.9649122807017544,
        0.9736842105263158,
        0.9736842105263158,
        0.9736842105263158,
        0.9649122807017544,
        0.9649122807017544,
        0.9649122807017544,
        0.9824561403508771,
        0.9649122807017544,
        0.9736842105263158
    ],
    "best_epoch": 4,
    "best_val_loss": 0.08262091104888136
}