{
    "train_loss": 0.0332225409864616,
    "train_accuracy": 0.9912087912087912,
    "val_loss": 0.10922115500920503,
    "val_accuracy": 0.9736842105263158,
    "best_epoch": 4,
    "best_val_loss": 0.08262091104888136,
    "precision": 1.0,
    "recall": 0.9607843137254902,
    "f1": 0.98,
    "tp": 49,
    "tn": 63,
    "fp": 0,
    "fn": 2
}