{
    "loss": [
        0.08413543837391207,
        0.06482769972242548,
        0.06559436284301791,
        0.04770215224378679,
        0.042563426922362285,
        0.053844372340691615,
        0.035417014987713734,
        0.03468911525590013,
        0.08706267108931479,
        0.030140323626157553,
        0.02794792639266818,
        0.028393017143802716,
        0.023993036328659956,
        0.02179543968082673,
        0.02243981095601708
    ],
    "val_loss": [
        0.11920207079103196,
        0.11058825290573317,
        0.12068921736931718,
        0.10960741475313047,
        0.0842573532500687,
        0.11743338313621987,
        0.08675828692197085,
        0.1045898400512339,
        0.13307172962048652,
        0.08890463604427967,
        0.11369142819233985,
        0.131057946222493,
        0.10201166572814233,
        0.1275779501477351,
        0.11251628085477385
    ],
    "accuracy": [
        0.9758241758241758,
        0.9846153846153847,
        0.9692307692307692,
        0.9868131868131869,
        0.9868131868131869,
        0.9868131868131869,
        0.9912087912087912,
        0.989010989010989,
        0.967032967032967,
        0.9912087912087912,
        0.9956043956043956,
        0.9934065934065934,
        0.9956043956043956,
        0.9934065934065934,
        0.9956043956043956
    ],
    "val_accuracy": [
        0.9385964912280702,
        0.956140350877193,
        0.956140350877193,
        0.9736842105263158,
        0.9824561403508771,
        0.9649122807017544,
        0.9824561403508771,
        0.9736842105263158,
        0.956140350877193,
        0.9824561403508771,
        0.9736842105263158,
        0.9649122807017544,
        0.9736842105263158,
        0.956140350877193,
        0.9736842105263158
    ],
    "best_epoch": 5,
    "best_val_loss": 0.0842573532500687
}