{
    "train_loss": 0.02243981095601708,
    "train_accuracy": 0.9956043956043956,
    "val_loss": 0.11251628085477385,
    "val_accuracy": 0.9736842105263158,
    "best_epoch": 5,
    "best_val_loss": 0.0842573532500687,
    "precision": 1.0,
    "recall": 0.9607843137254902,
    "f1": 0.98,
    "tp": 49,
    "tn": 63,
    "fp": 0,
    "fn": 2
}