{
    "loss": [
        0.636838043046436,
        0.6164819323111246,
        0.6018848779666511,
        0.5873525865489925,
        0.57254613094971,
        0.5574094400377805,
        0.5417380932863319,
        0.5253666430061821,
        0.5084387975962719,
        0.4909037436022159,
        0.47304197131391934,
        0.4547338325360516,
        0.4360575288225137,
        0.4173953244444174,
        0.3989047394999471,
        0.38080856521335343,
        0.3631407901826947,
        0.34619831904609377,
        0.3297626594200442,
        0.31427182426662065,
        0.2995994242355157,
        0.28582914172726465,
        0.27295665653999507,
        0.2609215747457822,
        0.24970895537008045,
        0.2392973967297494,
        0.22963130089089656,
        0.2207173595192797,
        0.21230715739250586,
        0.20459452109230072,
        0.1973250186592947,
        0.1906236569736459,
        0.18432444487130253,
        0.17848420714491425,
        0.17301644597478844,
        0.16791364701966152,
        0.16313395578964066,
        0.15865231430233223,
        0.15444157980077308,
        0.15049703431868874,
        0.14677586419338295,
        0.1432536960548052,
        0.1399491915275784,
        0.13683335736562896,
        0.1338763825931888,
        0.13107954266984673,
        0.128436289311364,
        0.12592568584612626,
        0.1235446719515561,
        0.12128661423822652
    ],
    "val_loss": [
        0.6645214157595514,
        0.6575705740046909,
        0.6440414735501562,
        0.6296381410677943,
        0.6151111941228421,
        0.6012669212268561,
        0.5847339353186879,
        0.566276580736631,
        0.547246383267566,
        0.5268362578996666,
        0.5097546405127644,
        0.49021398860558985,
        0.4665668540252634,
        0.4479666707935176,
        0.4288555689278096,
        0.4088343784777429,
        0.3917900845788635,
        0.3755622802685857,
        0.3576076925922366,
        0.34029021220441164,
        0.3259448476384502,
        0.31246098814480777,
        0.2991269053187325,
        0.2874084674190459,
        0.2766277379616967,
        0.26664389036215175,
        0.2580606827397583,
        0.2501436632791189,
        0.24156471581206676,
        0.2347652534649547,
        0.227500880061795,
        0.22155876413019268,
        0.2152784015335661,
        0.20995205645204817,
        0.20490320326288877,
        0.20037340362384148,
        0.1960867016377135,
        0.19195050032870414,
        0.18820366809594624,
        0.18496016356411998,
        0.1816211134702818,
        0.1781896793271625,
        0.17515421899522335,
        0.1722206060196815,
        0.16958604090195092,
        0.1671309220186296,
        0.164948584396369,
        0.16251240624030444,
        0.160461830426963,
        0.15846095780225622
    ],
    "accuracy": [
        0.6461538461538462,
        0.6461538461538462,
        0.6461538461538462,
        0.6461538461538462,
        0.6461538461538462,
        0.6505494505494506,
        0.6593406593406593,
        0.6813186813186813,
        0.7384615384615385,
        0.7868131868131868,
        0.8021978021978022,
        0.8285714285714286,
        0.8681318681318682,
        0.8857142857142857,
        0.8967032967032967,
        0.9098901098901099,
        0.9120879120879121,
        0.9120879120879121,
        0.9252747252747253,
        0.9406593406593406,
        0.945054945054945,
        0.945054945054945,
        0.9494505494505494,
        0.9516483516483516,
        0.9538461538461539,
        0.9538461538461539,
        0.9538461538461539,
        0.9538461538461539,
        0.9516483516483516,
        0.9516483516483516,
        0.9516483516483516,
        0.9538461538461539,
        0.9538461538461539,
        0.9538461538461539,
        0.9560439560439561,
        0.9560439560439561,
        0.9582417582417583,
        0.967032967032967,
        0.9736263736263736,
        0.9736263736263736,
        0.9736263736263736,
        0.9736263736263736,
        0.9736263736263736,
        0.9736263736263736,
        0.9736263736263736,
        0.9736263736263736,
        0.9736263736263736,
        0.9758241758241758,
        0.9758241758241758,
        0.9758241758241758
    ],
    "val_accuracy": [
        0.5526315789473685,
        0.5526315789473685,
        0.5526315789473685,
        0.5526315789473685,
        0.5526315789473685,
        0.5614035087719298,
        0.5964912280701754,
        0.631578947368421,
        0.6929824561403509,
        0.7368421052631579,
        0.7543859649122807,
        0.7894736842105263,
        0.8333333333333334,
        0.8508771929824561,
        0.8508771929824561,
        0.8859649122807017,
        0.8947368421052632,
        0.8947368421052632,
        0.9035087719298246,
        0.9035087719298246,
        0.9035087719298246,
        0.9035087719298246,
        0.9035087719298246,
        0.9035087719298246,
        0.9122807017543859,
        0.9210526315789473,
        0.9210526315789473,
        0.9210526315789473,
        0.9298245614035088,
        0.9298245614035088,
        0.9298245614035088,
        0.9298245614035088,
        0.9298245614035088,
        0.9298245614035088,
        0.9385964912280702,
        0.9385964912280702,
        0.9385964912280702,
        0.9385964912280702,
        0.9473684210526315,
        0.9473684210526315,
        0.9473684210526315,
        0.9473684210526315,
        0.9473684210526315,
        0.9473684210526315,
        0.9473684210526315,
        0.9473684210526315,
        0.9473684210526315,
        0.9473684210526315,
        0.9473684210526315,
        0.9473684210526315
    ],
    "best_epoch": 50,
    "best_val_loss": 0.15846095780225622
}