{
    "train_loss": 0.12128661423822652,
    "train_accuracy": 0.9758241758241758,
    "val_loss": 0.15846095780225622,
    "val_accuracy": 0.9473684210526315,
    "best_epoch": 50,
    "best_val_loss": 0.15846095780225622,
    "precision": 0.9591836734693877,
    "recall": 0.9215686274509803,
    "f1": 0.9400000000000001,
    "tp": 47,
    "tn": 61,
    "fp": 2,
    "fn": 4
}