{
    "loss": [
        0.4983455200403644,
        0.2999938301152373,
        0.19201618270026138,
        0.13929621950359128,
        0.11715597038018069,
        0.10052482863868373,
        0.0876424224317909,
        0.08078952598543676,
        0.07566892394201807,
        0.07084465339722072,
        0.06857541764186047,
        0.06914336831052603,
        0.06248633239253318,
        0.060773424673163746,
        0.05867937333317393,
        0.05726602907270737,
        0.056085397342643194,
        0.05611189142000981,
        0.053494389567594294,
        0.052222320293057296,
        0.051414567465515704,
        0.05098966256459454,
        0.04982398735466626,
        0.049598758196915414,
        0.048263616821464926,
        0.048695987375475626,
        0.047014874569458666,
        0.04621185451593335,
        0.04807702504635273,
        0.04605349024888498,
        0.04461744303271608,
        0.04436275861824229,
        0.043645559341240814,
        0.0432793655916424,
        0.04286859169324698,
        0.04248017805137481,
        0.04230724539104618,
        0.04394697756130408,
        0.0414037512101202,
        0.04228369353511058,
        0.04063510164984815,
        0.04113408396295303,
        0.04007288354663978,
        0.039848059307298477,
        0.03988504757855215,
        0.039436193814784595,
        0.03941022765542704,
        0.03902471428751447
    ],
    "val_loss": [
        0.5165153071648397,
        0.32454301651794193,
        0.2223464774572614,
        0.17147046821314116,
        0.1584104411443771,
        0.14302504072148334,
        0.1259974942233781,
        0.11962506665233924,
        0.11940177224652883,
        0.11361432116495304,
        0.1135390428930834,
        0.11874150740071394,
        0.10473662865832142,
        0.10297984675366488,
        0.10234893526426476,
        0.10076414625333818,
        0.09916700830803205,
        0.0976562412033869,
        0.09835861840941157,
        0.09901030671688317,
        0.10060292165612993,
        0.10215962206237622,
        0.0999923468396816,
        0.09412181286981207,
        0.09846232891960684,
        0.10267448762801684,
        0.0974530437531755,
        0.09463540905204398,
        0.09038198188230807,
        0.09969235724080429,
        0.09333978279235033,
        0.09205626122710595,
        0.09363555565775437,
        0.09235711617011312,
        0.09288317465018296,
        0.09263437849946891,
        0.09044514430175352,
        0.08790639697009289,
        0.09332918041724055,
        0.0883247610058247,
        0.09145900602923121,
        0.09639716516206713,
        0.09201397488215396,
        0.0930222608404771,
        0.09538384737262035,
        0.08931661743745423,
        0.09504567114306522,
        0.0888557193714553
    ],
    "accuracy": [
        0.8593406593406593,
        0.9296703296703297,
        0.9494505494505494,
        0.9692307692307692,
        0.9648351648351648,
        0.9736263736263736,
        0.9802197802197802,
        0.978021978021978,
        0.9802197802197802,
        0.9802197802197802,
        0.9824175824175824,
        0.9824175824175824,
        0.9824175824175824,
        0.9846153846153847,
        0.9846153846153847,
        0.9846153846153847,
        0.9868131868131869,
        0.9824175824175824,
        0.9868131868131869,
        0.9868131868131869,
        0.989010989010989,
        0.989010989010989,
        0.989010989010989,
        0.9846153846153847,
        0.989010989010989,
        0.989010989010989,
        0.989010989010989,
        0.989010989010989,
        0.9824175824175824,
        0.989010989010989,
        0.989010989010989,
        0.989010989010989,
        0.989010989010989,
        0.989010989010989,
        0.989010989010989,
        0.989010989010989,
        0.989010989010989,
        0.9868131868131869,
        0.989010989010989,
        0.989010989010989,
        0.989010989010989,
        0.9912087912087912,
        0.989010989010989,
        0.9912087912087912,
        0.9912087912087912,
        0.989010989010989,
        0.9912087912087912,
        0.989010989010989
    ],
    "val_accuracy": [
        0.7982456140350878,
        0.9035087719298246,
        0.9298245614035088,
        0.9473684210526315,
        0.956140350877193,
        0.956140350877193,
        0.9385964912280702,
        0.9385964912280702,
        0.9649122807017544,
        0.956140350877193,
        0.956140350877193,
        0.9649122807017544,
        0.9473684210526315,
        0.9473684210526315,
        0.9473684210526315,
        0.9473684210526315,
        0.9473684210526315,
        0.956140350877193,
        0.9473684210526315,
        0.9473684210526315,
        0.9649122807017544,
        0.9649122807017544,
        0.9649122807017544,
        0.956140350877193,
        0.9649122807017544,
        0.9649122807017544,
        0.9649122807017544,
        0.9736842105263158,
        0.9649122807017544,
        0.9649122807017544,
        0.9736842105263158,
        0.9649122807017544,
        0.9736842105263158,
        0.9736842105263158,
        0.9736842105263158,
        0.9736842105263158,
        0.9649122807017544,
        0.9649122807017544,
        0.9736842105263158,
        0.9736842105263158,
        0.9736842105263158,
        0.9736842105263158,
        0.9736842105263158,
        0.9736842105263158,
        0.9736842105263158,
        0.9736842105263158,
        0.9736842105263158,
        0.9736842105263158
    ],
    "best_epoch": 38,
    "best_val_loss": 0.08790639697009289
}