{
    "train_loss": 0.03902471428751447,
    "train_accuracy": 0.989010989010989,
    "val_loss": 0.0888557193714553,
    "val_accuracy": 0.9736842105263158,
    "best_epoch": 38,
    "best_val_loss": 0.08790639697009289,
    "precision": 0.9607843137254902,
    "recall": 0.9607843137254902,
    "f1": 0.9607843137254902,
    "tp": 49,
    "tn": 61,
    "fp": 2,
    "fn": 2
}