{
    "loss": [
        0.49477986271233515,
        0.3151884839771732,
        0.20556728566559168,
        0.15027256918119947,
        0.1220315187354457,
        0.10439185344152531,
        0.0920340519671035,
        0.08569725268833708,
        0.08161514544382421,
        0.07490432631085837,
        0.07045978191817313,
        0.06753392550816995,
        0.06885064607553527,
        0.0627107011325935,
        0.06163937909602632,
        0.059040419749755164,
        0.0578740397114847,
        0.05649605899667535,
        0.05545713741658146,
        0.0543925355683379,
        0.05266171564955006,
        0.051868163690548995,
        0.05076247901516339,
        0.050241546198750375,
        0.04940618617737156,
        0.04843657600916483,
        0.04781512525437198,
        0.047267703304288554,
        0.04650160932721322,
        0.04597579242694661,
        0.04534457078911699,
        0.04568589687859945,
        0.04434130360773971,
        0.04398601525464364,
        0.0435034828747055,
        0.042996689534704986,
        0.04284350553775918,
        0.04220952203400766,
        0.04180506809461216,
        0.04211719847617192,
        0.04174382728825098,
        0.04078778264483135,
        0.040541295107650394,
        0.04037523641063462,
        0.03991820461057316,
        0.03948271078147909,
        0.03936811661570216,
        0.03903046508510462,
        0.03893419433848569,
        0.03862926172860844
    ],
    "val_loss": [
        0.5411681110919354,
        0.34185752072176934,
        0.2305525142191103,
        0.1840401609763766,
        0.1579499457006604,
        0.14540427054605873,
        0.1322451540219476,
        0.12790570131512158,
        0.12598451645151842,
        0.1167790846932048,
        0.11102417284584447,
        0.10673185425352105,
        0.10477305851822767,
        0.10445965083182396,
        0.10579342277577583,
        0.09957637861144764,
        0.10164830781872071,
        0.1011102530959017,
        0.09559844875476851,
        0.09428360212287293,
        0.09561086969915279,
        0.09777300765247567,
        0.0957715992671835,
        0.09218921791357602,
        0.09534687920900617,
        0.09315911011815724,
        0.09377617721305781,
        0.09446231749548231,
        0.09247838639159046,
        0.09238756743208654,
        0.09000327858576264,
        0.09573628602746463,
        0.09127277291673191,
        0.09137117456230331,
        0.09130613408339106,
        0.08974397904289685,
        0.0928015548045789,
        0.0902324676196487,
        0.09017408080969454,
        0.09455202372031112,
        0.0940911222991907,
        0.0888105126596715,
        0.08773788458576952,
        0.08718722092691913,
        0.08800836908285052,
        0.08942537287497719,
        0.0915036669509874,
        0.08801021534573361,
        0.09269897677010597,
        0.09183600787614503
    ],
    "accuracy": [
        0.7054945054945055,
        0.9428571428571428,
        0.9560439560439561,
        0.9736263736263736,
        0.9758241758241758,
        0.9758241758241758,
        0.978021978021978,
        0.978021978021978,
        0.978021978021978,
        0.9802197802197802,
        0.9802197802197802,
        0.9802197802197802,
        0.978021978021978,
        0.9802197802197802,
        0.9824175824175824,
        0.9846153846153847,
        0.9846153846153847,
        0.9846153846153847,
        0.9846153846153847,
        0.9846153846153847,
        0.9868131868131869,
        0.989010989010989,
        0.989010989010989,
        0.9868131868131869,
        0.989010989010989,
        0.989010989010989,
        0.989010989010989,
        0.989010989010989,
        0.989010989010989,
        0.989010989010989,
        0.989010989010989,
        0.9868131868131869,
        0.989010989010989,
        0.989010989010989,
        0.989010989010989,
        0.989010989010989,
        0.989010989010989,
        0.989010989010989,
        0.989010989010989,
        0.9912087912087912,
        0.9912087912087912,
        0.989010989010989,
        0.989010989010989,
        0.989010989010989,
        0.989010989010989,
        0.989010989010989,
        0.9912087912087912,
        0.989010989010989,
        0.9912087912087912,
        0.9912087912087912
    ],
    "val_accuracy": [
        0.6491228070175439,
        0.9035087719298246,
        0.9298245614035088,
        0.9473684210526315,
        0.9473684210526315,
        0.956140350877193,
        0.956140350877193,
        0.9649122807017544,
        0.9649122807017544,
        0.9649122807017544,
        0.956140350877193,
        0.956140350877193,
        0.9649122807017544,
        0.956140350877193,
        0.9649122807017544,
        0.9649122807017544,
        0.9649122807017544,
        0.9649122807017544,
        0.956140350877193,
        0.956140350877193,
        0.9649122807017544,
        0.9649122807017544,
        0.9736842105263158,
        0.956140350877193,
        0.9736842105263158,
        0.9736842105263158,
        0.9736842105263158,
        0.9736842105263158,
        0.9736842105263158,
        0.9736842105263158,
        0.9736842105263158,
        0.9736842105263158,
        0.9736842105263158,
        0.9736842105263158,
        0.9736842105263158,
        0.9736842105263158,
        0.9736842105263158,
        0.9736842105263158,
        0.9736842105263158,
        0.9736842105263158,
        0.9736842105263158,
        0.9824561403508771,
        0.9824561403508771,
        0.9824561403508771,
        0.9824561403508771,
        0.9824561403508771,
        0.9736842105263158,
        0.9824561403508771,
        0.9736842105263158,
        0.9736842105263158
    ],
    "best_epoch": 44,
    "best_val_loss": 0.08718722092691913
}