{
    "train_loss": 0.03862926172860844,
    "train_accuracy": 0.9912087912087912,
    "val_loss": 0.09183600787614503,
    "val_accuracy": 0.9736842105263158,
    "best_epoch": 44,
    "best_val_loss": 0.08718722092691913,
    "precision": 1.0,
    "recall": 0.9607843137254902,
    "f1": 0.98,
    "tp": 49,
    "tn": 63,
    "fp": 0,
    "fn": 2
}