{
    "loss": [
        0.5561087441487139,
        0.42638760322600894,
        0.30063548424921266,
        0.21434787166653257,
        0.16164779898945641,
        0.130277181400222,
        0.10991468493604822,
        0.09602642335597578,
        0.08695986531509518,
        0.07956319850162742,
        0.0739807503127557,
        0.0698704547934363,
        0.066295287334814,
        0.06316943105840526,
        0.060690637817869264,
        0.05857856618935201,
        0.05687463673846995,
        0.0548906637649856,
        0.05348708690520404,
        0.05211818368831908,
        0.050899002530222184,
        0.04983934946677712,
        0.048738770651671384,
        0.04778682803632357,
        0.04693185580861741,
        0.04621999611594906,
        0.04579120292201928,
        0.04460356601436041,
        0.043971347628762446,
        0.04335617157915968,
        0.04285175030032518,
        0.04240139120432557,
        0.0418410928832941,
        0.04126435800655623,
        0.04080336909468911,
        0.04049424343272392,
        0.03997245198490721,
        0.0394961308976672,
        0.03925237193823294,
        0.03877368527714555,
        0.03838878113589065,
        0.03801058107657479,
        0.03766117736207661,
        0.03731502265525428,
        0.03727153215856204,
        0.03671637951951299,
        0.036344874278654044,
        0.0361459844516961,
        0.035722969994138244
    ],
    "val_loss": [
        0.6212121274600264,
        0.4620372233689169,
        0.3352797232817944,
        0.2492904257808609,
        0.20150315109345063,
        0.17317058542404273,
        0.150668064097871,
        0.1387107539616345,
        0.1283726351966178,
        0.12176541575392419,
        0.11815308576833984,
        0.11524090255120885,
        0.10921750102716186,
        0.10782978959056091,
        0.10606254628053673,
        0.10450650627458054,
        0.10404410638206003,
        0.10029598122734992,
        0.09979352349007696,
        0.09864246107804264,
        0.09791966715322661,
        0.09725717077398595,
        0.09609985284646647,
        0.09616639072559463,
        0.09488582589748712,
        0.09576718076539616,
        0.09712967588310563,
        0.09405969669976229,
        0.09370353213124903,
        0.09263190456873956,
        0.09185957268894852,
        0.09363108927916369,
        0.09297251934175349,
        0.09211073789398692,
        0.09222560725196577,
        0.09392114572008366,
        0.09346880517155133,
        0.09167167801160842,
        0.0908726627379988,
        0.09217821981476018,
        0.09303477636913705,
        0.09273534040864588,
        0.09204539105043634,
        0.09202820124689087,
        0.09181233168257578,
        0.09429534750878338,
        0.09340538998206659,
        0.09366747790112687,
        0.09269740508496181
    ],
    "accuracy": [
        0.6461538461538462,
        0.8923076923076924,
        0.9428571428571428,
        0.9494505494505494,
        0.9714285714285714,
        0.9758241758241758,
        0.9802197802197802,
        0.9802197802197802,
        0.9824175824175824,
        0.9824175824175824,
        0.9846153846153847,
        0.9846153846153847,
        0.9846153846153847,
        0.9868131868131869,
        0.9868131868131869,
        0.9868131868131869,
        0.9868131868131869,
        0.9868131868131869,
        0.989010989010989,
        0.989010989010989,
        0.989010989010989,
        0.989010989010989,
        0.989010989010989,
        0.989010989010989,
        0.989010989010989,
        0.989010989010989,
        0.989010989010989,
        0.989010989010989,
        0.989010989010989,
        0.989010989010989,
        0.989010989010989,
        0.989010989010989,
        0.989010989010989,
        0.989010989010989,
        0.989010989010989,
        0.989010989010989,
        0.989010989010989,
        0.989010989010989,
        0.989010989010989,
        0.989010989010989,
        0.989010989010989,
        0.989010989010989,
        0.989010989010989,
        0.989010989010989,
        0.9912087912087912,
        0.9912087912087912,
        0.9912087912087912,
        0.9912087912087912,
        0.9912087912087912
    ],
    "val_accuracy": [
        0.5526315789473685,
        0.8771929824561403,
        0.9210526315789473,
        0.9298245614035088,
        0.9473684210526315,
        0.956140350877193,
        0.9473684210526315,
        0.956140350877193,
        0.9473684210526315,
        0.9473684210526315,
        0.956140350877193,
        0.9649122807017544,
        0.9473684210526315,
        0.956140350877193,
        0.9649122807017544,
        0.9649122807017544,
        0.9649122807017544,
        0.9649122807017544,
        0.9649122807017544,
        0.9649122807017544,
        0.9649122807017544,
        0.9649122807017544,
        0.9736842105263158,
        0.9649122807017544,
        0.9824561403508771,
        0.9649122807017544,
        0.9649122807017544,
        0.9824561403508771,
        0.9824561403508771,
        0.9824561403508771,
        0.9824561403508771,
        0.9824561403508771,
        0.9824561403508771,
        0.9824561403508771,
        0.9824561403508771,
        0.9824561403508771,
        0.9824561403508771,
        0.9824561403508771,
        0.9824561403508771,
        0.9824561403508771,
        0.9824561403508771,
        0.9824561403508771,
        0.9824561403508771,
        0.9824561403508771,
        0.9824561403508771,
        0.9824561403508771,
        0.9824561403508771,
        0.9824561403508771,
        0.9824561403508771
    ],
    "best_epoch": 39,
    "best_val_loss": 0.0908726627379988
}