{
    "train_loss": 0.035722969994138244,
    "train_accuracy": 0.9912087912087912,
    "val_loss": 0.09269740508496181,
    "val_accuracy": 0.9824561403508771,
    "best_epoch": 39,
    "best_val_loss": 0.0908726627379988,
    "precision": 1.0,
    "recall": 0.9607843137254902,
    "f1": 0.98,
    "tp": 49,
    "tn": 63,
    "fp": 0,
    "fn": 2
}